title,image
Prodej bytu 2+kk 58 m²,"https://d18-a.sdn.cz/d_18/c_img_QR_MI/DAPkXi.jpeg?fl=res,400,300,3|shr,,20|jpg,90"
Prodej bytu 2+kk 47 m²,"https://d18-a.sdn.cz/d_18/c_img_QP_LF/YXBoOV.jpeg?fl=res,400,300,3|shr,,20|jpg,90"
Prodej bytu 3+1 82 m²,"https://d18-a.sdn.cz/d_18/c_img_QJ_Jr/uLDPM8.jpeg?fl=res,400,300,3|shr,,20|jpg,90"
Prodej bytu 2+kk 65 m²,"https://d18-a.sdn.cz/d_18/c_img_QN_KB/1zDotO.jpeg?fl=res,400,300,3|shr,,20|jpg,90"
Prodej bytu 3+1 83 m²,"https://d18-a.sdn.cz/d_18/c_img_QR_MI/VRBkXk.jpeg?fl=res,400,300,3|shr,,20|jpg,90"
Prodej bytu 3+kk 74 m²,"https://d18-a.sdn.cz/d_18/c_img_QJ_Jr/jSJPNB.jpeg?fl=res,400,300,3|shr,,20|jpg,90"
Prodej bytu 1+1 39 m²,"https://d18-a.sdn.cz/d_18/c_img_QP_LH/Z83BUeV.jpeg?fl=res,400,300,3|shr,,20|jpg,90"
Prodej bytu 2+kk 70 m²,"https://d18-a.sdn.cz/d_18/c_img_QM_Ko/oHbBUsT.jpeg?fl=res,400,300,3|shr,,20|jpg,90"
Prodej bytu 2+kk 61 m²,"https://d18-a.sdn.cz/d_18/c_img_QO_K7/HTCBUlq.jpeg?fl=res,400,300,3|shr,,20|jpg,90"
Prodej bytu 2+kk 40 m²,"https://d18-a.sdn.cz/d_18/c_img_QP_LH/L53BUeW.jpeg?fl=res,400,300,3|shr,,20|jpg,90"
Prodej bytu 4+kk 107 m²,"https://d18-a.sdn.cz/d_18/c_img_QL_J9/n8nBUnc.jpeg?fl=res,400,300,3|shr,,20|jpg,90"
Prodej bytu 2+kk 43 m²,"https://d18-a.sdn.cz/d_18/c_img_QM_Ko/9SWBUsU.jpeg?fl=res,400,300,3|shr,,20|jpg,90"
Prodej bytu 2+kk 65 m²,"https://d18-a.sdn.cz/d_18/c_img_QL_J9/eHPBUnZ.jpeg?fl=res,400,300,3|shr,,20|jpg,90"
Prodej bytu 1+1 46 m²,"https://d18-a.sdn.cz/d_18/c_img_QK_Js/QdEBUtB.jpeg?fl=res,400,300,3|shr,,20|jpg,90"
Prodej bytu 3+1 88 m²,"https://d18-a.sdn.cz/d_18/c_img_QK_Js/Ox3BUtC.jpeg?fl=res,400,300,3|shr,,20|jpg,90"
Prodej bytu 2+1 39 m²,"https://d18-a.sdn.cz/d_18/c_img_QK_Js/n00BUtD.jpeg?fl=res,400,300,3|shr,,20|jpg,90"
Prodej bytu 1+1 49 m²,"https://d18-a.sdn.cz/d_18/c_img_QN_KD/hC1BUjn.jpeg?fl=res,400,300,3|shr,,20|jpg,90"
Prodej bytu 2+kk 45 m²,"https://d18-a.sdn.cz/d_18/c_img_QL_J9/6pMBUna.jpeg?fl=res,400,300,3|shr,,20|jpg,90"
Prodej bytu 3+1 62 m²,"https://d18-a.sdn.cz/d_18/c_img_QM_Ko/BhqBDJL.jpeg?fl=res,400,300,3|shr,,20|jpg,90"
Prodej bytu 4+kk 104 m²,"https://d18-a.sdn.cz/d_18/c_img_QL_J9/SmOBDD6.jpeg?fl=res,400,300,3|shr,,20|jpg,90"
